<?xml version="1.0" encoding="UTF-8"?>
<mappings xmlns="http://dozer.sourceforge.net"
    xmlns:xsi="http://www.w3.org/2001/XMLSchema-instance" xsi:schemaLocation="http://dozer.sourceforge.net http://dozer.sourceforge.net/schema/beanmapping.xsd">
    <configuration>
        <wildcard>false</wildcard>
    </configuration>
    <mapping>
        <class-a>generated_1503952879916.HouseInfo</class-a>
        <class-b>org.Crossvale.Demo.model.HouseInfo</class-b>
        <field>
            <a>infotype</a>
            <b>infotype</b>
        </field>
        <field>
            <a>address</a>
            <b>address</b>
        </field>
        <field>
            <a>nationalID</a>
            <b>nationalID</b>
        </field>
        <field>
            <a>landSize</a>
            <b>landSize</b>
        </field>
        <field>
            <a>appraisedValue</a>
            <b>appraisedValue</b>
        </field>
        <field>
            <a>bedroom</a>
            <b>bedroom</b>
        </field>
        <field>
            <a>bathroom</a>
            <b>bathroom</b>
        </field>
    </mapping>
</mappings>
