<?xml version="1.0" encoding="UTF-8" standalone="yes"?>
<mappings xmlns="http://dozer.sourceforge.net" xmlns:xsi="http://www.w3.org/2001/XMLSchema-instance" xsi:schemaLocation="http://dozer.sourceforge.net http://dozer.sourceforge.net/schema/beanmapping.xsd">
    <configuration>
        <wildcard>false</wildcard>
    </configuration>
    <mapping>
        <class-a>generated_1503948073420.CustInfo</class-a>
        <class-b>org.Crossvale.Demo.model.CustInfo</class-b>
        <field>
            <a>firstName</a>
            <b>firstName</b>
        </field>
        <field>
            <a>lastName</a>
            <b>lastName</b>
        </field>
        <field>
            <a>infotype</a>
            <b>infotype</b>
        </field>
        <field>
            <a>occupation</a>
            <b>occupation</b>
        </field>
        <field>
            <a>nationalID</a>
            <b>nationalID</b>
        </field>
        <field>
            <a>age</a>
            <b>age</b>
        </field>
    </mapping>
</mappings>
