<?xml version="1.0" encoding="UTF-8"?>
<blueprint xmlns="http://www.osgi.org/xmlns/blueprint/v1.0.0"
    xmlns:cm="http://aries.apache.org/blueprint/xmlns/blueprint-cm/v1.1.0"
    xmlns:xsi="http://www.w3.org/2001/XMLSchema-instance" xsi:schemaLocation="          http://www.osgi.org/xmlns/blueprint/v1.0.0 https://www.osgi.org/xmlns/blueprint/v1.0.0/blueprint.xsd          http://camel.apache.org/schema/blueprint http://camel.apache.org/schema/blueprint/camel-blueprint.xsd          http://aries.apache.org/blueprint/xmlns/blueprint-cm/v1.1.0 http://aries.apache.org/schemas/blueprint-cm/blueprint-cm-1.1.0.xsd">
    <bean class="org.apache.activemq.camel.component.ActiveMQComponent" id="activemq">
        <property name="connectionFactory">
            <bean class="org.apache.activemq.ActiveMQConnectionFactory">
                <property name="brokerURL" value="tcp://localhost:61616"/>
                <property name="userName" value="admin"/>
                <property name="password" value="admin"/>
            </bean>
        </property>
    </bean>
    <bean class="org.apache.commons.dbcp.BasicDataSource"
        destroy-method="close" id="dataSource">
        <property name="driverClassName" value="org.postgresql.Driver"/>
        <property name="url" value="jdbc:postgresql://localhost:5432/demo"/>
        <property name="username" value="demo"/>
        <property name="password" value="demo"/>
    </bean>
    <!-- configure the Camel SQL component to use the JDBC data source -->
    <bean class="org.apache.camel.component.sql.SqlComponent" id="sql">
        <property name="dataSource" ref="dataSource"/>
    </bean>
    <camelContext id="blueprint-bean-context" xmlns="http://camel.apache.org/schema/blueprint">
        <propertyPlaceholder id="properties" location="classpath:sql.properties"/>
        <endpoint id="toCustInfo" uri="dozer:toCustInfo?sourceModel=generated_1503948073420.CustInfo&amp;targetModel=org.Crossvale.Demo.model.CustInfo&amp;unmarshalId=generated_1503948073420&amp;mappingFile=transformation.xml"/>
        <dataFormats>
            <jaxb contextPath="generated_1503948073420" id="generated_1503948073420"/>
        </dataFormats>
        <route id="CustomerQueueToSQLCustInfo">
            <from id="Source" uri="activemq:queue:customer"/>
            <to id="_to1" uri="ref:toCustInfo"/>
            <log id="_log1" message="Customer FirstName: ${body.firstName}"/>
            <to id="_to2" uri="sql:{{sql.deleteCustInfo}}"/>
            <to id="_to3" uri="sql:{{sql.insertCustInfo}}"/>
        </route>
    </camelContext>
</blueprint>
